{"cameraMode":{"drawMode":2,"name":"Shaded Wireframe","section":"Shading Mode"},"sceneLighting":true,"audioPlay":false,"sceneViewState":{"showFog":true,"showMaterialUpdate":false,"showSkybox":true,"showFlares":true,"showImageEffects":true,"showParticleSystems":true},"in2DMode":false,"pivot":{"x":24.057647705078126,"y":-13.272113800048829,"z":-2.896857261657715},"rotation":{"x":-0.28315994143486025,"y":0.07561255246400833,"z":-0.022393275052309037,"w":-0.9558252096176148},"size":69.64086151123047,"orthographic":false}